ID;Titre;Style;Artiste;Année;Lieu principal;Echelle;Code INSEE;Code département;Extrait des paroles;Lien;Longitude;Lattitude
77-001;Bzzz;Chanson française;Java;2003;Melun;Commune;77288;77;Si tu étais une ville ? Je m’appellerais Melun;https://www.bide-et-musique.com/song/16379.html?utm_source=chatgpt.com;2.6561;48.5395
77-002;Le martyr de la flagellation (curé de Bombon);Chanson française;F. Montagnon;;Bombon;Commune;77040;77;(Chanson relatant un fait divers dans le village de Bombon);https://archives.seine-et-marne.fr/index.php/fr/actualites/lhistoire-de-la-seine-et-marne-en-chanson-et-en-musique?utm_source=chatgpt.com;2.8108;48.5660
77-003;Présentation;Rap;DaBlast MC;2000;Marne-la-Vallée;Commune;77464;77;Marne-et-Seine j’viens représenter … Marne-la-Vallée, j’ai gagné mes gallons à Thorigny;https://www.paroles.net/dablast-mc/paroles-presentation?utm_source=chatgpt.com;2.7073;48.8947
77-004;Présentation;Rap;DaBlast MC;2000;Thorigny-sur-Marne;Commune;77464;77;Marne-et-Seine j’viens représenter … Marne-la-Vallée, j’ai gagné mes gallons à Thorigny;https://www.paroles.net/dablast-mc/paroles-presentation?utm_source=chatgpt.com;2.7073;48.8947
94-001;Ballade en Val-de-Marne;Chanson française;Francis Lemarque;1984;Val-de-Marne;Département;94;94;Dans le Val-de-Marne / Si tu te promènes / En longeant la Marne …;https://www.paroles.net/lemarque-francis/paroles-ballade-en-val-de-marne?utm_source=chatgpt.com;2.4300;48.8000
94-002;94;Rap;Rohff;2004;Val-de-Marne;Département;94;94;Le Val de Marne mon deuxième pays … Si t’as la plaque 9.4;https://www.paroles.net/rohff/paroles-94?utm_source=chatgpt.com;2.4300;48.8000
78-001;Béni;french rap, pop urbaine;Elh Kmer;2020;Achères;Commune;78005;78;De villeneuve à achères-ville tu m'entends dans la sono, j'te raconte ma vie;https://genius.com/Elh-kmer-beni-lyrics;2,1095;48,9817
78-002;PYGMALION;french rap;B.B. Jacques;2024;Andrésy;Commune;78015;78;j't'ai sans doute balayé sur un tatami entre courbevoie et andrésy j'prépare l'mental, j'suis pas là, j'bosse, j'soulève les montagnes;https://genius.com/Bb-jacques-pygmalion-lyrics;2,0496;48,9778
78-003;DNA;;Teklam;2024;Andrésy;Commune;78015;78;autour d'la butte j'réside mais j'te dis la vérité qu'j'préférais andrésy j'préfère être là où y a pas d'réseau;https://genius.com/Teklam-dna-lyrics;2,0496;48,9778
78-004;Auteuil, Neuilly, Passy;chanson;Les inconnus;1991;Auteuil;Commune;78034;78;"Pas un Arabe du coin ni un Euromarché
Auteuil, Neuilly, Passy : tel est notre ghetto";https://genius.com/Les-inconnus-auteuil-neuilly-passy-lyrics;1,8172;48,8415
78-005;Lewis Hamilton;french rap;La Rvfleuze;2025;Bougival;Commune;78092;78;bah j'y vais, bah j'y vais, le p'tit va jusqu'à bougival;https://genius.com/La-rvfleuze-lewis-hamilton-lyrics;2,1394;48,8627
78-006;Assedic;french jazz;Les Escrocs;;Bougival;Commune;78092;78;pour retourner au carnaval du r.e.r et du leclerc de bougival assedic…;https://genius.com/Les-escrocs-assedic-lyrics;2,1394;48,8627
78-007;Hooligans;french rap;Reda;2021;Bougival;Commune;78092;78;x2 le r, le e, le d, le a 78, bougival 3-4 fois, on a pensé à s'faire neymar a;https://genius.com/Reda-hooligans-lyrics;2,1394;48,8627
78-008;Pour toi;french rap;Deadi;2022;Carrières-sous-Poissy;Commune;78123;78;on m'dit : pense à ta carrière et j'pense à carrières-sous-poissy sérieux, j'suis grave loin, t'es pas d'taille, espèce dе;https://genius.com/Deadi-pour-toi-lyrics;2,0264;48,9469
78-009;T’en fais pas;khaleeji;Assaf;2014;La Celle-Saint-Cloud;Commune;78126;78;Tellement je t’ai fais marcher, t’es bientôt arrivé jusqu’à La Celle-Saint-Cloud;https://genius.com/Assaf-ten-fais-pas-lyrics;2,1342;48,8498
78-010;Le rap c’est un peep-show;french rap;Alkpote;2008;Chambourcy;Commune;78133;78;vont s'abreuver de c'que j'ai éjaculé dans le pot de chambourcy j'marche avec de la coke dans le blue jean;https://genius.com/Alkpote-le-rap-cest-un-peep-show-lyrics;2,0267;48,8973
78-011;Le Rat Débile Et Le Rat Méchant;;Pit Et Rik;;Chambourcy;Commune;78133;78;sport viril du ski d'fond dans le fromage blanc à chambourcy 2000 je fais d'la planche à poil à perlin;https://genius.com/Pit-et-rik-le-rat-debile-et-le-rat-mechant-lyrics;2,0267;48,8973
78-012;78 Représente;french rap, french r&b;La Fouine;2006;Chanteloup-les-Vignes;Commune;78138;78;représente mantes-la-jolie, man on représente sartrouville, comme d'hab on représente chanteloup-les-vignes, man on représente les mureaux;https://genius.com/La-fouine-78-represente-lyrics;2,0336;48,9773
78-013;Piwi;pop urbaine, french rap, moroccan pop, moroccan rap;Lartiste;2019;Cravent;Commune;78188;78;à la cité, c'est depuis mes refrés tombent comme inouits, 'cravent de midi à minuit la bst, elle tourne, envie;https://genius.com/Lartiste-piwi-lyrics;1,4844;48,9901
78-014;Youporn;french rap, french r&b;La Fouine;2010;Élancourt;Commune;78208;78;"J'ai quelque putes à qui je donne à manger
Banlieue Sale, Sartrouville, Trappes, Elancourt, Les Mureaux";https://genius.com/La-fouine-youporn-lyrics;1,9612;48,7771
78-015;À 20 000 lieues de la mer;french rap;La Rumeur;2002;Élancourt;Commune;78208;78;et la répression aussi cruelle que la récession l’actuel maire d’élancourt n’est qu’une sale pédale qui ne peut se déplacer;https://genius.com/La-rumeur-a-20-000-lieues-de-la-mer-lyrics;1,9612;48,7771
78-016;Les tramways de Carouge;variété française, chanson, french house, french pop;Michel Berger;;Feucherolles;Commune;78233;78;sur le bord de mon col dans la maison de feucherolles et puis quand tu dérailles des souvenirs en pagaille;https://genius.com/Michel-berger-les-tramways-de-carouge-lyrics;1,9847;48,8787
78-017;Charlie Brown;;Ebony_mp4;2021;Freneuse;Commune;78255;78;beats j’appelle ta bitch j’la sors d’un état léthargique 2-7-2-9-0 freneuse rpz tu sais où j’habite on s’en fous de;https://genius.com/Ebony-mp4-charlie-brown-lyrics;1,6139;49,0489
78-018;DU SANG DANS MA HAINE;trap metal, rap metal, french rap;FELO SKURT;2023;Gargenville;Commune;78267;78;catch dans ma chambre avec mon frère quand j’étais à gargenville je navigue dans ça shnek harride harry potteur;https://genius.com/Felo-skurt-du-sang-dans-ma-haine-lyrics;1,8112;48,9938
78-019;Bienvenue dans le 78;french rap, french r&b;La Fouine;2011;Guyancourt;Commune;78297;78;ça fait vite des prisons farcies les potos d’elancourt, 78 guyancourt ca bicrave des litrons ouais les tipeu ne vont;https://genius.com/La-fouine-bienvenue-dans-le-78-lyrics;2,0745;48,7735
78-020;OCARINA FOREST;french rap;Jaywill (FRA);2024;Houilles;Commune;78311;78;veut tester mes couilles, j'suis déter, j’vais au studio à houilles vise les cages au corner rien à foutre, si;https://genius.com/Jaywill-fra-ocarina-forest-lyrics;2,1866;48,9266
78-021;Saucisson de cheval n°2;chanson, variété française;Boby Lapointe;1966;Houilles;Commune;78311;78;belle-mère de grasse, près de nice et votre père de houilles, en banlieue oh là c'est moche arrête non là;https://genius.com/Boby-lapointe-saucisson-de-cheval-n2-lyrics;2,1866;48,9266
78-022;La paix des étoiles;chanson, variété française, french pop;Alexis Hk;;Houilles;Commune;78311;78;jour-là, je ne sais plus où à carrières ou à houilles une claque derrière ma tête t’as pas une cigarette,;https://genius.com/Alexis-hk-la-paix-des-etoiles-lyrics;2,1866;48,9266
78-023;Maison hantée;french rap;Werenoi;2023;Maisons-Laffitte;Commune;78358;78;(par la vitre) envoie l'adresse, le code, j'viens t'visser jusqu'à maisons-laffitte on est très pragmatique, j'sais qu'ton corps tient dans;https://genius.com/Werenoi-maison-hantee-lyrics;2,1533;48,9503
78-024;Mantes-la-Jolie;french rap;Weedy;2005;Mantes-la-Jolie;Commune;78361;78;"Obligé d'guetter au point d'frôler le torticolis
Facile d's'inquiéter quand tu songes au passé à Mantes-la-Jolie";https://genius.com/Weedy-mantes-la-jolie-lyrics;1,6918;48,9961
78-025;Essaie encore;french rap, french r&b;La Fouine;2013;Mantes-la-Jolie;Commune;78361;78;c'est la folie j'repense au bâtiment f, aux frères de mantes-la-jolie aux grands qu'on a perdus, aux drames, aux fléaux;https://genius.com/La-fouine-essaie-encore-lyrics;1,6918;48,9961
78-026;le son c’est la guerre;french rap, french r&b;Rohff;2003;Mantes-la-Jolie;Commune;78361;78;"Orly, Choisy, Vitry-sur-Haine, Joinville (Mafia K'1 Fry)
Mantes-la-Jolie, les Mureaux, Sayd (Mafia K'1 Fry)";https://genius.com/Rohff-le-son-cest-la-guerre-lyrics;1,6918;48,9961
78-027;BZH;french rap, rap metal;MC Circulaire;2007;Maurepas;Commune;78383;78;"Ouais ouais mon p'tit bigouden !
Spéciale dédicace pour La Bretonnière, La Cochère
Bréquigny
Maurepas";https://genius.com/Mc-circulaire-bzh-lyrics;1,925;48,7712
78-028;Si tu pars;rumba congolaise, ndombolo;Lokua Kanza;2005;Maurepas;Commune;78383;78;terre où ton cœur a vu le jour zanzibar ou maurepas faudra jamais que tu oublies l'amour tu verras, la;https://genius.com/Lokua-kanza-si-tu-pars-lyrics;1,925;48,7712
78-029;Microphone T’cheik Kongo;ragga, shatta, french r&b, french rap;Kenyon;;Maurepas;Commune;78383;78;autre part, vivement ce futur où sont mes gars de maurepas, villejean et zup sud ? (où ça ?);https://genius.com/Kenyon-microphone-tcheik-kongo-lyrics;1,925;48,7712
78-030;La Finesse;rap québécois, french rap;Rowjay;2020;Méricourt;Commune;78391;78;vois move au luxembourg (yes) à paris j'suis sur rue, folie-méricourt déjà habitué d’être confiné j'fume le shit de marseille,;https://genius.com/Rowjay-la-finesse-lyrics;1,6254;49,037
78-031;El Señor Ravel;lullaby, children's music, folklore argentino;María Elena Walsh;1969;Montfort-l'Amaury;Commune;78420;78;"Llegó a Montfort-l’Amaury
Un gato de cascabel
Abrió la puerta cancel";https://genius.com/Maria-elena-walsh-el-senor-ravel-lyrics;1,8081;48,7717
78-032;Ma cité a craqué;french rap, pop urbaine;Sofiane;2017;Les Mureaux;Commune;78440;78;9.3 terre des pillards, là on est 6 milliards comme les mecs des Mureaux, Fianso;https://genius.com/Sofiane-ma-cite-a-craque-lyrics;1,911;48,9877
78-033;En direct de la lune;french rap, french r&b;Sexion d’Assaut;2012;Les Mureaux;Commune;78440;78;Cristal ca murmure, PDG y'a que celui des Mureaux;https://genius.com/Sexion-dassaut-en-direct-de-la-lune-lyrics;1,911;48,9877
78-034;La vie en rouge;french rap, french r&b, pop urbaine;Booba;2009;Les Mureaux;Commune;78440;78;Je me lève pour aller pousser avec mes négros des Mureaux;https://genius.com/Booba-la-vie-en-rouge-lyrics;1,911;48,9877
78-035;Le son c’est la guerre;french rap, french r&b;Rohff;2003;Les Mureaux;Commune;78440;78;"Orly, Choisy, Vitry-sur-Haine, Joinville (Mafia K'1 Fry)
Mantes-la-Jolie, les Mureaux, Sayd (Mafia K'1 Fry)";https://genius.com/Rohff-le-son-cest-la-guerre-lyrics;1,911;48,9877
78-036;Chien de la casse;french rap, pop urbaine;Kaaris;2019;Les Mureaux;Commune;78440;78;Comme un boug des Mureaux, j'suis impoli, j'baise Gina sur le bureau de Tony;;1,911;48,9877
78-037;Flashback;french rap, moroccan rap;Mister You;2019;Les Mureaux;Commune;78440;78;C'est pour nos gens d'Creil, sans oublier Les Mureaux;https://genius.com/Mister-you-flashback-lyrics;1,911;48,9877
78-038;Youporn;french rap, french r&b;La Fouine;2010;Les Mureaux;Commune;78440;78;"J'ai quelque putes à qui je donne à manger
Banlieue Sale, Sartrouville, Trappes, Elancourt, Les Mureaux";https://genius.com/La-fouine-youporn-lyrics;1,911;48,9877
78-039;Ça fait mal;french rap, french r&b;La Fouine;2009;Les Mureaux;Commune;78440;78;"Yeah, Les Mureaux d'Trappes ont su remonter la pente
J'pose des putain d'tueries, ces MC posent des mains courantes";https://genius.com/La-fouine-ca-fait-mal-lyrics;1,911;48,9877
78-040;Monsieur Comédie;;Trust (FRA);1980;Neauphle-le-Château;Commune;78442;78;l'a su assez tôt le soleil ne brille plus à neauphle-le-château impotent le vieillard a relancé la bagarre et rempli;https://genius.com/Trust-fra-monsieur-comedie-lyrics;1,9031;48,8122
78-041;Pendez-Les;;Merimes;2014;Orgeval;Commune;78466;78;"Moi c'est Soumah
Orgeval, Merimes, du rap tah sah";https://genius.com/Merimes-pendez-les-lyrics;1,9698;48,9185
78-042;L’amour qui bat;variété française, chanson, french pop, french house;Véronique Sanson;1981;Orgeval;Commune;78466;78;aura plus de soirées de bal dans la maison d' orgeval plus de son de carnaval plus rien mais toi;https://genius.com/Veronique-sanson-lamour-qui-bat-lyrics;1,9698;48,9185
78-043;Bienvenue dans le 78;french rap, french r&b;La Fouine;2011;Poissy;Commune;78498;78;mais nos avocats font la vaisselle mantes la tuerie, sartrouville, poissy pour les sans papiers ouais tous les chemins mènent;https://genius.com/La-fouine-bienvenue-dans-le-78-lyrics;2,025;48,9241
78-044;Topboy;french rap;Mola (FRA);2023;Porcheville;Commune;78501;78;grandissent les poches vides donc ils finissent à fleury ou porcheville tu dois du w ça peut sonner chez ton;https://genius.com/Mola-fra-topboy-lyrics;1,768;48,9781
78-045;CJD;french rap;Niaks;2021;Porcheville;Commune;78501;78;en prom'nadе élaborer des plans et d'se promettre d'tout niquer porcheville, villepinte, osny, fleury, j'ai fait les quattro c'est pas;https://genius.com/Niaks-cjd-lyrics;1,768;48,9781
78-046;REAL LIFE;horrorcore, southern hip hop;R2Z;2024;Porcheville;Commune;78501;78;semaines après les faits, le frérot m'appelle en di'-di' de porcheville sur snap ça sert à rien de parler on;https://genius.com/R2z-real-life-lyrics;1,768;48,9781
78-047;Rambouillet;;Diiix;2016;Rambouillet;Commune;78517;78;"Je vais la foudroyer x 2
Dans la forêt de Rambouillet";https://genius.com/Diiix-rambouillet-lyrics;1,8339;48,6538
78-048;Rue des bergères;desi hip hop, hindi hip hop, punjabi hip hop;Sinik;2007;Rambouillet;Commune;78517;78;mais c'était ça, ou bien les camps pour délinquants à rambouillet rappelle-toi, on était jeunes, on a souffert, on en;https://genius.com/Sinik-rue-des-bergeres-lyrics;1,8339;48,6538
78-049;Rap millésimé;;Pegamax;;Richebourg;Commune;78520;78;distingué, loin d’être soyeux mon rap reste riche comme un richebourg, ou un bon bourgogne à consommer en été ou;https://genius.com/Pegamax-rap-millesime-lyrics;1,634;48,825
78-050;Mon grand-père Louis;chanson, lullaby, variété française;Anne Sylvestre;1967;Richebourg;Commune;78520;78;vanter d'avoir en cave deux ou trois bouteilles graves de richebourg triomphant car bien que je ne sois vieille que;https://genius.com/Anne-sylvestre-mon-grand-pere-louis-lyrics;1,634;48,825
78-051;Le son des capuches;french rap;Seth Gueko;2009;Saint-Germain-en-Laye;Commune;78551;78;vitres teintées on r'trouve à poil dans la forêt de saint-germain-en-laye les mains en l'air, où est la monnaie on;https://genius.com/Seth-gueko-le-son-des-capuches-lyrics;2,1052;48,931
78-052;Avec moi;french rap;Ledé Markson;2017;Saint-Lambert;Commune;78561;78;à l'admettre mais j’me sens mieux sur scène que place saint-lambert si j’m’enferme au stud, tu risques de prendre cher;https://genius.com/Lede-markson-avec-moi-lyrics;2,0093;48,7339
78-053;Youporn;french rap, french r&b;La Fouine;2010;Sartrouville;Commune;78586;78;quelque putes à qui je donne à manger banlieue sale, sartrouville, trappes, elancourt, les mureaux pose le blé sur la;https://genius.com/La-fouine-youporn-lyrics;2,1744;48,9374
78-054;Bienvenue dans le 78;french rap, french r&b;La Fouine;2011;Sartrouville;Commune;78586;78;sale mais nos avocats font la vaisselle mantes la tuerie, sartrouville, poissy pour les sans papiers ouais tous les chemins;https://genius.com/La-fouine-bienvenue-dans-le-78-lyrics;2,1744;48,9374
78-055;Thoiry;french rap;rob;2025;Thoiry;Commune;78616;78;J'ai grandi dans l'zoo, pas c'lui d'Thoiry (Pas c'lui d'Thoiry), ouais (Shit);https://genius.com/Rob-thoiry-lyrics;1,7989;48,8699
78-056;Trappes;french rap, french r&b;La Fouine;2016;Trappes;Commune;78621;78;;https://genius.com/La-fouine-trappes-lyrics;1,9964;48,7738
78-057;Freestyle “Trappes City”;french rap;Green Money;;Trappes;Commune;78621;78;"Trappes City, Trappes City bitch
On a grandi pauvre, mais on finit riche";https://genius.com/Green-money-freestyle-trappes-city-lyrics;1,9964;48,7738
78-058;Banlieue Ouest (Planète Trappes);french rap, french r&b;La Fouine;2004;Trappes;Commune;78621;78;Viens pécho à Trappes, ça parle en tonnes;https://genius.com/La-fouine-banlieue-ouest-planete-trappes-lyrics;1,9964;48,7738
78-059;Triel-sur-Seine, très tôt, le matin;variété française, chanson, french pop, french house;Véronique Sanson;2004;Triel-sur-Seine;Commune;78624;78;;https://genius.com/Veronique-sanson-triel-sur-seine-tres-tot-le-matin-lyrics;2,0055;48,976
78-060;Marchand De Seringue;;Mafia Vr;2018;Vernouillet;Commune;78643;78;fera anestésié , si on vien tpiétinner (bai bai bang) vernouillet , guyancoudcoud gang ses le parc mes ses la;https://genius.com/Mafia-vr-marchand-de-seringue-lyrics;1,9748;48,9649
78-061;Versailles;experimental hip hop, alternative hip hop, east coast hip hop;​billy woods;2022;Versailles;Commune;78646;78;;https://genius.com/Billy-woods-versailles-lyrics;2,1191;48,8039
78-062;Château de Versailles;french rap, pop urbaine;Lefa;2019;Versailles;Commune;78646;78;Une carte d'anniversaire du côté d'Versailles, eh;https://genius.com/Lefa-chateau-de-versailles-lyrics;2,1191;48,8039
78-063;La pluie tombe;;Squeul;2024;Vicq;Commune;78653;78;l’ange du bus s’appellait angélique petit village j’descend quand c’est vicq j’suis daryl et je voulais venger rick 17 août;https://genius.com/Squeul-la-pluie-tombe-lyrics;1,8283;48,8223
78-064;The Shaggy Dog Stories - Chap. 1;;George Plant;2015;Villepreux;Commune;78674;78;his aunt charlotte took him in at her farm near villepreux. he lived and worked there for over eight years,;https://genius.com/George-plant-the-shaggy-dog-stories-chap-1-lyrics;2,0127;48,8306
78-065;L’amour;chanson;Éric Toulis;2010;Viroflay;Commune;78686;78;t'es pas fier l'amour c'est comme une mobylette volée à viroflay retrouvée à nanterre alors j'te pose un question on;https://genius.com/Eric-toulis-lamour-lyrics;2,1725;48,8017
78-066;The French Revolution (Chap. 1.5.1.);;Thomas Carlyle;1837;Viroflay;Commune;78686;78;there are private conclaves, supper-parties, consultations, breton club, club of viroflay, germs of many clubs. wholly an element of confused;https://genius.com/Thomas-carlyle-the-french-revolution-chap-151-annotated;2,1725;48,8017
78-067;Cocotte;;Robert William Service;;Viroflay;Commune;78686;78;and in radiant plenty we lived in a villa at viroflay. then came the war, and of bliss bereft me,;https://genius.com/Robert-william-service-cocotte-annotated;2,1725;48,8017
78-068;Tournée;french rap, jazz rap;Hocus Pocus;2007;Voisins-le-Bretonneux;Commune;78688;78;un putain de job même si on joue plus à voisins-le-bretonneux qu'à l'autre bout du globe y'a toutes ces villes;https://genius.com/Hocus-pocus-tournee-lyrics;2,047;48,7598
91-069;Chapter 2;;Marcel Proust;;Angerville;Commune;91016;91;a. g. because it ran between balbec and grattevast via angerville, the tram and the t. s. n. because it;https://genius.com/Marcel-proust-chapter-2-annotated;2,0057;48,3116
91-070;GROSSE CHOSES;rap québécois, chanson québécoise;Les Anticipateurs;2011;Angerville;Commune;91016;91;savard (vard), rené angélil (angélil) j't'en crisse, à la coche angerville m'a te faire un trou dans'l chest (chest) ak;https://genius.com/Les-anticipateurs-grosse-choses-lyrics;2,0057;48,3116
91-071;Chapter 2;;Marcel Proust;;Arpajon;Commune;91021;91;mme. de guermantes, because i enjoyed going to see mme. d’arpajon. with brichot, however, there was another reason. i was;https://genius.com/Marcel-proust-chapter-2-annotated;2,2462;48,5894
91-072;Jalouse;;Grace Mbizi;2019;Arpajon;Commune;91021;91;la sexy la maman de rachel, (?) trésor will à arpajon le producteur vrai elle est jalouse à cause de;https://genius.com/Grace-mbizi-jalouse-lyrics;2,2462;48,5894
91-073;Regretté;french rap, french r&b;Rohff;2005;Athis-Mons;Commune;91027;91;plus pareil, reposez en paix pour saïd, de chevilly à athis-mons même en prison t'avais besoin de mon on-s et;https://genius.com/Rohff-regrette-lyrics;2,3848;48,7093
91-074;Déterminé;french rap, french r&b;Rohff;2013;Athis-Mons;Commune;91027;91;de grigny sont déterminés les ulis et évry, trop déterminés athis-mons et corbeil reviennent te terminer boboche, la courneuve, trop;https://genius.com/Rohff-determine-lyrics;2,3848;48,7093
91-075;L’Essonne’Geless;french rap, french r&b, rap québécois;Sinik;2007;Athis-Mons;Commune;91027;91;grigny, corbeil, massy, draveil c'est ici que sont les hommes athis-mons, brétigny, arpajon, saint-michel, longjumeau, et savigny c'est ici que;https://genius.com/Sinik-lessonnegeless-lyrics;2,3848;48,7093
91-076;Veillée Pinouilles - Chapitre 4;spoken word;James Joyce;2017;Bièvres;Commune;91064;91;qui descend en sliduant ce chêne vers le duc des bièvres, (tu peux avoir vu de l'ambre liquide exuder exotique;https://genius.com/James-joyce-veillee-pinouilles-chapitre-4-annotated;2,2079;48,7565
91-077;Cohiba;;Risky;;Bièvres;Commune;91064;91;la loi 4 est enregistré, on vise la villa à bièvres on parle nos projets, notre avenir, pas de salopes;https://genius.com/Risky-cohiba-lyrics;2,2079;48,7565
91-078;Last Day in Bouville;smooth jazz;Nothing (Band);2010;Bouville;Commune;91100;91;;https://genius.com/Nothing-band-last-day-in-bouville-lyrics;2,2806;48,437
91-079;Comme Dab;french rap;Luv Resval;2017;Champcueil;Commune;91135;91;toujours clean quand j'écris mes lignes comme d'hab', frelon cy-men, champcueil, chevannes, d-d-die comme d'hab', frelon j'suis dans la routine,;https://genius.com/Luv-resval-comme-dab-lyrics;2,4447;48,5052
91-080;Comme Dab;french rap;Luv Resval;2017;Chevannes;Commune;91159;91;clean quand j'écris mes lignes comme d'hab', frelon cy-men, champcueil, chevannes, d-d-die comme d'hab', frelon j'suis dans la routine, donc;https://genius.com/Luv-resval-comme-dab-lyrics;2,4386;48,534
91-081;Celsius;french rap, pop urbaine;PNL;2019;Corbeil-Essonnes;Commune;91174;91;verres, plus bas qu'terre, le ciel me rassure noir comme corbeil-essonnes, vagues de bleus, pas la côte d'azur j'suis plus;https://genius.com/Pnl-celsius-lyrics;2,4646;48,5973
91-082;Gros bonnets;french rap, pop urbaine, french r&b;Niska;2015;Corbeil-Essonnes;Commune;91174;91;malaki enfile la cagoule (oui) evry-grigny, c'est à kaboul (bendo), corbeil-essonnes, c'est à bagdad (bendo) massy-athis, c'est à gaza (oui),;https://genius.com/Niska-gros-bonnets-lyrics;2,4646;48,5973
91-083;Call of Bitume;french rap, pop urbaine;Rim’K;2012;Corbeil-Essonnes;Commune;91174;91;caisse bâtard dis-moi bsahtkoum les rg m'espionnent, de miami à corbeil-essonnes plus rien ne m'étonne, déterminé comme pappy mason on;https://genius.com/Rimk-call-of-bitume-lyrics;2,4646;48,5973
91-084;Paris-Dourdan;french pop;Michel Houellebecq;2000;Dourdan;Commune;91200;91;"Dans le train direct pour Dourdan
Une jeune fille fait des mots-fléchés";https://genius.com/Michel-houellebecq-paris-dourdan-annotated;1,9924;48,532
91-085;Un monde tout blanc;french rap;Alpha 5.20;2010;Dourdan;Commune;91200;91;millau clermont, vierzon, tape une pointe sur orléans péage de dourdans, rentre dans l'essonne évite les pirates comme natif l'égyptien;https://genius.com/Alpha-520-un-monde-tout-blanc-lyrics;1,9924;48,532
91-086;Quand nous aurons joué nos derniers personnages;chanson;Julos Beaucarne;;Dourdan;Commune;91200;91;prescrit pour le premier adam reine de saint-chéron, saint-arnould et dourdan veuillez vous rappeler ce chemin solitaire quand on nous;https://genius.com/Julos-beaucarne-quand-nous-aurons-joue-nos-derniers-personnages-lyrics;1,9924;48,532
91-087;Victory;rap chrétien, french rap, christian hip hop, pop urbaine;TiTo Prince;2015;Draveil;Commune;91201;91;man t'as fait en sorte que mes frères s'battent à draveil donc j'te chasse, c'est fini avec un fat amen;https://genius.com/Tito-prince-victory-lyrics;2,4249;48,6777
91-088;L’Essonne’Geless;french rap, french r&b, rap québécois;Sinik;2007;Draveil;Commune;91201;91;que sont les hommes les ulis, evry, grigny, corbeil, massy, draveil c'est ici que sont les hommes athis-mons, brétigny, arpajon,;https://genius.com/Sinik-lessonnegeless-lyrics;2,4249;48,6777
91-089;La rue c’est Bang Bang;french rap;Dontcha;2005;Épinay-sous-Sénart;Commune;91215;91;allô tu m'entends pas ? normal, j'suis a beyrouth à épinay-sous-sénart, j'ai un gars à chaque pilier j'ai une planque;https://genius.com/Dontcha-la-rue-cest-bang-bang-lyrics;2,5152;48,6885
91-090;La crème du 91 - Morceau caché;french rap;Alkpote;2009;Épinay-sous-Sénart;Commune;91215;91;contrôles sont abusifs c'est au fusil, que ça s'règle à épinay-sous-sénart de brunoy à montgeron, on t'enculera, emcee, si t'es;https://genius.com/Alkpote-la-creme-du-91-morceau-cache-lyrics;2,5152;48,6885
91-091;Temps 3;french rap;Zikxo;2018;Étampes;Commune;91223;91;par chez moi c'est tendu, viens voir, mec, c'est pas étampes aucun d'entre nous s'est rendu, on veut pas peser;https://genius.com/Zikxo-temps-3-lyrics;2,1524;48,4227
91-092;L’Essonne’Geless;french rap, french r&b, rap québécois;Sinik;2007;Étampes;Commune;91223;91;épinay, quincy, ris-orangis c'est ici que sont les hommes brunoy, étampes, vigneux, morsang, sainte-geneviève, juvisy c'est ici que sont les;https://genius.com/Sinik-lessonnegeless-lyrics;2,1524;48,4227
91-093;91 Essonne;french rap;Alkpote;2009;Étampes;Commune;91223;91;sans mille-f' hyperactif, africain dalleux venu chercher le biff 9-1 étampes, laisse-moi leur dire c'est quoi les bails ma musicale;https://genius.com/Alkpote-91-essonne-lyrics;2,1524;48,4227
91-094;Country;french rap, pop urbaine, french r&b;Niska;2018;Évry-Courcouronnes;Commune;91228;91;bomayé on va t'mettre à genoux si t'as merdé (poucave), évry-courcouronnes, gros, rer d ce gars là m'énerve, j'aime pas;https://genius.com/Niska-country-lyrics;2,4313;48,6287
91-095;Du sexe opposé;french rap;Nekfeu;2011;Fleury-Mérogis;Commune;91235;91;l’cke-sti le et l’cro-mi pour un petit 06 j’finis a fleury-mérogis obligé d’plaire aux bitch car même les blaireaux kiffent;https://genius.com/Nekfeu-alpha-wann-and-basement-beatzz-du-sexe-oppose-lyrics;2,3712;48,6327
91-096;Judy Moncada;french rap;Lacrim;2017;Fleury-Mérogis;Commune;91235;91;lavait le cul eh gros, putain de canicule au mitard, fleury-mérogis : crois-moi, je l'ai vécu oui, c'est en showcase,;https://genius.com/Lacrim-judy-moncada-lyrics;2,3712;48,6327
91-097;Cabochards 2 : Camionneurs;french rap;25G;2016;Gif-sur-Yvette;Commune;91272;91;patapouf gang (biffty, julius… read more j'suis ricky rosette de gif-sur-yvette si tu touches à ma ginette tu vas t'manger;https://genius.com/25g-cabochards-2-camionneurs-lyrics;2,1342;48,6964
91-098;Lewis Hamilton;french rap;La Rvfleuze;2025;Gif-sur-Yvette;Commune;91272;91;toujours en tn, en survêt', j'ai des bips même à gif-sur-yvette (roh) il sait qu'pour quatre minimum, bah j'y vais,;https://genius.com/La-rvfleuze-lewis-hamilton-lyrics;2,1342;48,6964
91-099;Prodige du Rap Game volume un;;Gazouza Setif;2016;Grigny;Commune;91286;91;"Grigny-la-Grande-Borne, une bite sur l'épaule
3 cadavres, sol, quartier mahbol";https://genius.com/Gazouza-setif-prodige-du-rap-game-volume-un-lyrics;2,3861;48,6584
91-100;G.R.I.G.N.Y;french rap, pop urbaine;Juicy P;2014;Grigny;Commune;91286;91;redescend ces moggos flokkos tombent tous comme le 11 septembre grigny 2, grande borne terminus tout le monde descend champs;https://genius.com/Juicy-p-grigny-lyrics;2,3861;48,6584
91-101;La crème du 91 - Morceau caché;french rap;Alkpote;2009;Igny;Commune;91312;91;à corbeil, le plus souvent démarche mais sans les lacets grigny, dgc, viens faire un tour dans les grands blocs;https://genius.com/Alkpote-la-creme-du-91-morceau-cache-lyrics;2,2229;48,7375
91-102;Gainzbeur;french rap;Alkpote;2012;Longjumeau;Commune;91345;91;sonner l’alarme représente la tunisie, les mangeurs de hindi de longjumeau jusqu’à la gare de juvisy cherche pas à savoir;https://genius.com/Alkpote-gainzbeur-lyrics;2,3057;48,6923
91-103;Plus pure;french rap;Alkpote;2016;Longjumeau;Commune;91345;91;gang-bang chez ta mère j'y participe j'te donne rdv à longjumeau pour remettre de la poudre sur ton museau vous;https://genius.com/Alkpote-and-dj-weedim-plus-pure-lyrics;2,3057;48,6923
91-104;Le tango de Massy-Palaiseau;variété française, chanson, french pop, french house;Renaud;1979;Longjumeau;Commune;91345;91;"Là bas du coté d' Longjumeaux
C'est le tango de Massy-Palaiseau`";https://genius.com/Renaud-le-tango-de-massy-palaiseau-lyrics;2,3057;48,6923
91-105;L’Essonne’Geless;french rap, french r&b, rap québécois;Sinik;2007;Longjumeau;Commune;91345;91;c'est ici que sont les hommes athis-mons, brétigny, arpajon, saint-michel, longjumeau, et savigny c'est ici que sont les hommes montgeron,;https://genius.com/Sinik-lessonnegeless-lyrics;2,3057;48,6923
91-106;P*tain;french rap, pop urbaine;PLK;2024;Marcoussis;Commune;91363;91;ouais) rajoute des bulles dans mon jacuzzi ('zzi), polonais comme marcoussis (tu l'sais) tu veux la guerre ? pas d'souci,;https://genius.com/Plk-ptain-lyrics;2,2078;48,6491
91-107;P.R;french rap;Damys;2024;Marcoussis;Commune;91363;91;jalousie je le remarque aussi (aïe aïe) de paris à marcoussis les mc's que des pussy leur (??) le sale;https://genius.com/Damys-pr-lyrics;2,2078;48,6491
91-108;Le tango de Massy-Palaiseau;variété française, chanson, french pop, french house;Renaud;1979;Massy;Commune;91377;91;"Là bas du coté d' Longjumeaux
C'est le tango de Massy-Palaiseau`";https://genius.com/Renaud-le-tango-de-massy-palaiseau-lyrics;2,2696;48,7263
91-109;Célébration 2;raï, french rap, french r&b, pop urbaine;Kore;2021;Mennecy;Commune;91386;91;derrière à vrai dire on va célébrer la victoire à mennecy, j'te fais des cadeaux, ne me dis pas merci;https://genius.com/Kore-celebration-2-lyrics;2,4362;48,5592
91-110;Tout s’en va sauf les souvenirs;french rap;Savage Toddy;2023;Mennecy;Commune;91386;91;plus la même saveurs, le même prix on trainait à mennecy, et dans la matinée, un pilon gratiné le soir,;https://genius.com/Savage-toddy-tout-sen-va-sauf-les-souvenirs-lyrics;2,4362;48,5592
91-111;Freestyle Couvre Feu / OKLM;french rap;Alkpote;2017;Mennecy;Commune;91386;91;m'sucer avec pembe (pembe), j'vais assurer, j'ai pas merdé, jusqu'à mennecy, ballancourt, la ferté, c'est mes enfants ma fierté (voilà);https://genius.com/Alkpote-freestyle-couvre-feu-oklm-lyrics;2,4362;48,5592
91-112;Heaven On Earth;;Kanada Farito;2021;Mondeville;Commune;91412;91;four walls becomes heaven on earth four walls, (j'ai vu mondeville, t'as vu), so dark, (haha) but when you're here,;https://genius.com/Kanada-farito-heaven-on-earth-lyrics;2,4227;48,4924
91-113;Wesh Muzik;;COEFF;2014;Mondeville;Commune;91412;91;les 2 pieds dans le plateau djodagbe, un cercueil, direction mondeville plateau moi j'suis chatteux, j'aurais la vie d'château pour;https://genius.com/Coeff-wesh-muzik-lyrics;2,4227;48,4924
91-114;L’Essonne’Geless;french rap, french r&b, rap québécois;Sinik;2007;Montgeron;Commune;91421;91;saint-michel, longjumeau, et savigny c'est ici que sont les hommes montgeron, courcouronnes, fleury, épinay, quincy, ris-orangis c'est ici que sont;https://genius.com/Sinik-lessonnegeless-lyrics;2,4638;48,6952
91-115;La crème du 91 - Morceau caché;french rap;Alkpote;2009;Montgeron;Commune;91421;91;au fusil, que ça s'règle à épinay-sous-sénart de brunoy à montgeron, on t'enculera, emcee, si t'es lâche hexagonal, mon réseau;https://genius.com/Alkpote-la-creme-du-91-morceau-cache-lyrics;2,4638;48,6952
91-116;G-Padpo;french rap, french r&b;Saïan Supa Crew;1999;Montlhéry;Commune;91425;91;j'ai pas d'pot : y'a joe l'taxi qui s'croit à montlhéry j'ai pas d'pot : j'ai été enlevé par un;https://genius.com/Saian-supa-crew-g-padpo-lyrics;2,266;48,6392
91-117;J’arrive;french rap;​​okis;2023;Montlhéry;Commune;91425;91;"J'arrive, j'té-ma Linas-Montlhery - SCO monter les scores
On m'tend des perches, moi";https://genius.com/Okis-and-mani-deiz-jarrive-lyrics;2,266;48,6392
91-118;La vache à mille francs;;Jean Poiret;1961;Montlhéry;Commune;91425;91;calcul habile une vache à vingt mille cent mille à montlhéry deux cents à juvisy trois cent mille à orly;https://genius.com/Jean-poiret-la-vache-a-mille-francs-lyrics;2,266;48,6392
91-119;La crème du 91 - Morceau caché;french rap;Alkpote;2009;Morangis;Commune;91432;91;le 9-1, brunoy, évry, grigny, corbeil, les ulis, ris-orangis lys, morangis, athis-mons, juvisy, viry, ballancourt, mennecy c'est comme ça qu'on;https://genius.com/Alkpote-la-creme-du-91-morceau-cache-lyrics;2,3361;48,7022
91-120;La nuit;variété française, chanson, french pop;T.I.S;2025;La Norville;Commune;91457;91;D’Evry 2 à la Norville, de Vigneux à Alfortville;https://genius.com/Tis-la-nuit-lyrics;2,266;48,583
91-121;Ormoy la rivière;;Autismachine2000;2024;Ormoy;Commune;91468;91;Euh, c'est juste euh c'est juste avant étampes c'est c'est un peu proche de euh de ormoy la rivière;https://genius.com/Autismachine2000-ormoy-la-riviere-lyrics;2,4576;48,5714
91-122;BANDS;;Lokann;2023;Orveau;Commune;91473;91;toujours pas coper le permis obligé d'conduire l'rer d vers orveau audi r8 j'veux pas de volvo, air force one;https://genius.com/Lokann-and-vinkey-fra-bands-lyrics;2,297;48,4489
91-123;Le tango de Massy-Palaiseau;variété française, chanson, french pop, french house;Renaud;1979;Palaiseau;Commune;91477;91;"C'est le plus grand, c'est le plus beau
C'est la tango de Massy-Palaiseau";https://genius.com/Renaud-le-tango-de-massy-palaiseau-lyrics;2,2293;48,7155
91-124;KAT;french rap, french r&b, pop urbaine, drill;Gazo;2025;Palaiseau;Commune;91477;91;sur les os (sur les os) j'ai des bips à palaiseau (palaiseau), pas les os et j'peux pas les laisser;https://genius.com/Gazo-kat-lyrics;2,2293;48,7155
91-125;SEVRAN B;french rap, pop urbaine;Maes;2024;Palaiseau;Commune;91477;91;l'ennemi qu'on scie les os r.e.r b, sevran b, massy palaiseau comment voir la vie en couleur si j'fume pas;https://genius.com/Maes-sevran-b-lyrics;2,2293;48,7155
91-126;Panam Hall Starz;french rap, french r&b;Sniper;2003;Ris-Orangis;Commune;91521;91;était pas consentent tu parles mal des ulis, d’évry, de ris-orangis mais t'aimes bien qu'ta meuf vienne jusqu'au parloir d'fleury-mérogis;https://genius.com/Sniper-panam-hall-starz-lyrics;2,4104;48,6457
91-127;Capitale risque;french rap, drill;Ziak;2025;Ris-Orangis;Commune;91521;91;quand on essaie d'effacer l'passé ça l'raye j'ai grandi entre ris-orangis et corbeil j'ai du m'masquer pour concurrencer coldplay j'vais;https://genius.com/Ziak-capitale-risque-lyrics;2,4104;48,6457
91-128;L’Essonne’Geless;french rap, french r&b, rap québécois;Sinik;2007;Ris-Orangis;Commune;91521;91;ici que sont les hommes montgeron, courcouronnes, fleury, épinay, quincy, ris-orangis c'est ici que sont les hommes brunoy, étampes, vigneux,;https://genius.com/Sinik-lessonnegeless-lyrics;2,4104;48,6457
91-129;Quand nous aurons joué nos derniers personnages;chanson;Julos Beaucarne;;Saint-Chéron;Commune;91540;91;ainsi qu'il fut prescrit pour le premier adam reine de saint-chéron, saint-arnould et dourdan veuillez vous rappeler ce chemin solitaire;https://genius.com/Julos-beaucarne-quand-nous-aurons-joue-nos-derniers-personnages-lyrics;2,1249;48,5499
91-130;Griot;;Sauveur Eloheem;;Saint-Chéron;Commune;91540;91;en marge, comme edward et ses ciseaux de marcq-en-barœul à saint-chéron ça fume l’hydro j’suis un griot, pas une de-mer;https://genius.com/Sauveur-eloheem-griot-lyrics;2,1249;48,5499
91-131;La route est longue;;Kohm Exepoq;;Saint-Escobille;Commune;91547;91;m'avait promises mes amours à sens unique rataient l'époque de saint-escobille au pire j'ferai mon choix, la peste ou le;https://genius.com/Kohm-exepoq-la-route-est-longue-lyrics;1,9605;48,4223
91-132;Ploucs et fiers;french rap, rap metal;MC Circulaire;;Saint-Hilaire;Commune;91556;91;des ploucs, et on est fiers mc circulaire, représente pour saint-hilaire dans mon secteur, fous pas la zone sinon c'est;https://genius.com/Mc-circulaire-ploucs-et-fiers-lyrics;2,0872;48,4429
91-133;Rouge-gorge;variété française, chanson, french pop, french house;Renaud;1988;Savigny-sur-Orge;Commune;91589;91;gentiment peupler les banlieues chante, rouge-gorge les temps des cerises savigny-sur-orge paraîtra moins grise chante aussi paname que les assassins;https://genius.com/Renaud-rouge-gorge-lyrics;2,3493;48,6851
91-134;Ne le dis pas à ma mère;french rap;Nekfeu;2011;Verrières-le-Buisson;Commune;91645;91;balle dans le derrière les dead dans une clairière à verrières-le-buisson paris ! ville des haineux, types dédaigneux fais fumer;https://genius.com/Nekfeu-alpha-wann-and-basement-beatzz-ne-le-dis-pas-a-ma-mere-lyrics;2,2545;48,7511
91-135;Refaire le monde;french rap;Grödash;2008;Vigneux-sur-Seine;Commune;91657;91;l'école, on envie le succès moi j'partais des ulis jusqu'à vigneux-sur-seine combien d'fois j'ai refait le monde dans le rer;https://genius.com/Grodash-refaire-le-monde-lyrics;2,4274;48,7021
91-136;Gérard;chanson, variété française, french pop, french house;Têtes Raides;;Vigneux-sur-Seine;Commune;91657;91;chevaux et si t'as le cafard passe voir gérard à vigneux-sur-seine coule la seine monsieur gérard à vigneux-sur-seine gérard! allez;https://genius.com/Tetes-raides-gerard-lyrics;2,4274;48,7021
91-137;Bâtiment;french rap;Imed zee;2023;Viry-Châtillon;Commune;91687;91;j'suis pas un échantillon on plaidera la relax' comme à viry-châtillon si tu m'aimes donne-moi d'la force, viens surtout pas;https://genius.com/Imed-zee-batiment-lyrics;2,3758;48,6662
91-138;Numéro d’ton bord;french rap;Take A Mic;2015;Viry-Châtillon;Commune;91687;91;fut, tu fuis, fuyons oui, j'mérite les millions j'rappe jusqu'à viry-châtillon tu sers à rien comme un pion mou paro,;https://genius.com/Take-a-mic-numero-dton-bord-lyrics;2,3758;48,6662
91-139;Partout chez moi;french rap;Dandyguel;2017;Viry-Châtillon;Commune;91687;91;pour votre accueil, ça fait plaisir perdu dans le 9-1 viry-châtillon, tu connais si si;https://genius.com/Dandyguel-partout-chez-moi-lyrics;2,3758;48,6662
91-140;X (Episode 10);french rap;Sofiane;2016;Yerres;Commune;91691;91;chez so', hein ? check la caste', val d'argenteuil, labreu-zoo yerres 9.1, 17ème, cité rougemont moulin-neuf, cité rouge, 19ème félix;https://genius.com/Sofiane-x-episode-10-lyrics;2,4932;48,7129
91-141;Danger;french rap;Rimkus;2024;Yerres;Commune;91691;91;si c'est nous dans ta poule au tirage a6, direction yerres, collés au sol, les pneus crissent dans les virages;https://genius.com/Rimkus-danger-lyrics;2,4932;48,7129
91-142;Déterminé;french rap, french r&b;Rohff;2013;Les Ulis;Commune;91692;91;"Les Bougs de Grigny sont déterminés
Les Ulis et Évry, trop déterminés";https://genius.com/Rohff-determine-lyrics;2,1864;48,6817
91-143;Une époque formidable;french rap, french r&b, rap québécois;Sinik;2005;Les Ulis;Commune;91692;91;"L'histoire commence aux Ulis en 1984
Petit et peace, dire que cette ville allait changer ma life";https://genius.com/Sinik-une-epoque-formidable-lyrics;2,1864;48,6817
92-144;Paris;moroccan rap, moroccan pop;Mistah Vee;2019;Asnières-sur-Seine;Commune;92004;92;châtelet, takol falafel (oooh) la bghiti takol msmmen douz l asnières-sur-seine (oooh) cherche pas l’embrouille, ghaylou7ouk f la seine (ooh);https://genius.com/Mistah-vee-paris-lyrics;2,2935;48,9181
92-145;Bagneux all stars;french rap;Mc Braco;;Bagneux;Commune;92007;92;;https://genius.com/Mc-braco-bagneux-all-stars-lyrics;2,3093;48,798
92-146;Team BS;french r&b;Team BS;2013;Bagneux;Commune;92007;92;sonne-per juste pour honorer mon frère représentant du 9.2 : bagneux, nanterre j'regrette un peu les études, j'ai esquivé de;https://genius.com/Team-bs-team-bs-lyrics;2,3093;48,798
92-147;4 Étoiles;french rap, pop urbaine;Sultan;2012;Bagneux;Commune;92007;92;ça nous fait prendre des kilos c'est pour cuvtars te-ters, bagneux c'est la city du rond point des blagis jusqu'à;https://genius.com/Sultan-4-etoiles-lyrics;2,3093;48,798
92-148;Bois-Colombes;french rap;Raplume;2024;Bois-Colombes;Commune;92009;92;;https://genius.com/Raplume-kerchak-jolagreen23-mitch-ladrogua-kabbsky-buu-fra-and-ydasevic-bois-colombes-lyrics;2,2688;48,9151
92-149;Préviens les autres;;Ali (45 Scientific);2005;Bois-Colombes;Commune;92009;92;faire porter de nouvelles peines la misère pour alibi de bois-colombes à nanterre, bagneux, mlf, pds et ilm ma banlieue;https://genius.com/Ali-45-scientific-previens-les-autres-lyrics;2,2688;48,9151
92-150;2PAC;french rap, french r&b, pop urbaine;Booba;2012;Boulogne-Billancourt;Commune;92012;92;à chaque fois rage dans le cœur, dans les intestins boulogne-billancourt, sarcelles à stains, criminel instinct lions d'la teranga, dans;https://genius.com/Booba-2pac-lyrics;2,2429;48,8375
92-151;Oublie-moi;french rap;Les Sages Poètes de la Rue;2002;Boulogne-Billancourt;Commune;92012;92;lyrics mercredi soir, un type rôdant dans le quartier de boulogne-billancourt a essayé de refourguer une voiture à un des;https://genius.com/Les-sages-poetes-de-la-rue-oublie-moi-lyrics;2,2429;48,8375
92-152;Bourg-la-Reine;chanson, variété française, french pop;Julien Clerc;1970;Bourg-la-Reine;Commune;92014;92;"Tu étais encore lycéenne
Chez les sœurs a Bourg-La-Reine";https://genius.com/Julien-clerc-bourg-la-reine-lyrics;2,3167;48,7801
92-153;Sex, Drug & Rock’n’roll;french rap;Georgio;2013;Bourg-la-Reine;Commune;92014;92;britney spears on fout la merde pas d'rer b, cotomp bourg-la-reine des regards froids comme clint eastwood et j'vois les;https://genius.com/Georgio-and-hologram-lo-sex-drug-and-rocknroll-lyrics;2,3167;48,7801
92-154;France;anti-folk, folk punk;Kimya Dawson;2006;Bourg-la-Reine;Commune;92014;92;"Girls bein' girls at the Monoprix again
Shoppin', trippin' Bourg-la-Reine";https://genius.com/Kimya-dawson-france-lyrics;2,3167;48,7801
92-155;Châtenay-Malabry;chanson, french pop, variété française;Vincent Delerm;;Châtenay-Malabry;Commune;92019;92;"En mille neuf cent quatre-vingt-trois
Ici à Châtenay-Malabry";https://genius.com/Vincent-delerm-chatenay-malabry-lyrics;2,2603;48,7697
92-156;Le petit âne gris marche seul à Châtenay-Malabry;chanson;Nicolas Bacchus;;Châtenay-Malabry;Commune;92019;92;"Du fond de ma mémoire, je vais vous la chanter
Elle se passe entre Deauville et Châtenay-Malabry";https://genius.com/Nicolas-bacchus-le-petit-ane-gris-marche-seul-a-chatenay-malabry-lyrics;2,2603;48,7697
92-157;Booska Taciturne;french rap;Dinos;2019;Châtenay-Malabry;Commune;92019;92;d'mettre la famille à l'abri, maintenant, j'suis connu d'châtelet jusqu'à châtenay-malabry j'suis trop talentueux pour mourir au quartier, faut qu'j'quitte;https://genius.com/Dinos-booska-taciturne-lyrics;2,2603;48,7697
92-158;Châtillon-Sur-Seine;variété française, chanson, french house, french pop;Saez;2012;Châtillon;Commune;92020;92;A Châtillon-Sur-Seine quand on partait Nelly;https://genius.com/Saez-chatillon-sur-seine-lyrics;2,2887;48,8031
92-159;RATPI WORLD;french rap, french r&b, pop urbaine;Booba;2021;Châtillon;Commune;92020;92;la pandémie, avance-moi un kil' et d'mi 9-2, porte de châtillon, lamborghini, portes papillons (j'suis trop gang, elle peut pas;https://genius.com/Booba-ratpi-world-lyrics;2,2887;48,8031
92-160;Chez Wam;;Sultan;2014;Châtillon;Commune;92020;92;j'ai toujours la le-da comme un mec de chez wam châtillon, gneux-ba, c'est les mecs de chez wam quel fils;https://genius.com/Sultan-chez-wam-lyrics;2,2887;48,8031
92-161;Analog;french rap;HLD;2023;Chaville;Commune;92022;92;sa vie j'ai une mission à faire, elle est vers chaville h-24 j'suis avec mes rat-pi ça revend la mort;https://genius.com/Hld-analog-lyrics;2,191;48,8091
92-162;10 Ans;;Sultan;2007;Chaville;Commune;92022;92;levallois, puteaux, suresnes, courbevoie, clamart, mlf, châtenay, vanves, blr, fontenay, chaville, sèvres, rueil, antony, colombes et bagneux 92, je te;https://genius.com/Sultan-10-ans-lyrics;2,191;48,8091
92-163;Bakel City Gang;french rap, french r&b, pop urbaine;Booba;2011;Clamart;Commune;92023;92;va sodom’ saddam saddam hauts-de-seine, bakel city gangster guinée conakry, clamart c’est àl que j’veux qu’on m’enterre on a perdu;https://genius.com/Booba-bakel-city-gang-lyrics;2,2518;48,7957
92-164;SEKLENLAND #5;french rap;HLD;2021;Clamart;Commune;92023;92;même les keufs, sur ce son j'vais pas débiter hasba clamart j'sais pas qui t'es, j'rentre dans sa chatte, j'veux;https://genius.com/Hld-seklenland-5-lyrics;2,2518;48,7957
92-165;Quiet Days In Clichy II;;Country Joe McDonald;;Clichy;Commune;92024;92;"Oh quiet days in Clichy
Oh quiet days in Clichy";https://genius.com/Country-joe-mcdonald-quiet-days-in-clichy-ii-lyrics;2,3041;48,9041
92-166;Courbevoie Style;hardstyle, frenchcore;Mayhem X;2017;Courbevoie;Commune;92026;92;"C-Courbevoie, Courbevoie Style
Courbevoie!!!";https://genius.com/Mayhem-x-courbevoie-style-lyrics;2,2574;48,8976
92-167;Non;french rap, pop urbaine;Kekra;2020;Courbevoie;Commune;92026;92;loin, rarement when i miss (yeah) hauts-de-seine ouais, ouais, ouais, courbevoie d'puis le vvv quand tu pleurais ouin, ouin, ouin,;https://genius.com/Kekra-non-lyrics;2,2574;48,8976
92-168;Fontenay-aux-roses;chanson, variété française, french house, french pop;Maxime Le Forestier;;Fontenay-aux-Roses;Commune;92032;92;;https://genius.com/Maxime-le-forestier-fontenay-aux-roses-lyrics;2,2876;48,7895
92-169;Marche arrière;french rap;Alpha Wann;2013;Fontenay-aux-Roses;Commune;92032;92;complet au cro-mi j'ai passé mes 10 premières piges, à fontenay-aux-roses phaal est sur paris, j'débarque à pernety quartier plus;https://genius.com/Alpha-wann-marche-arriere-lyrics;2,2876;48,7895
92-170;Marches;french rap, hip house;Jwles;2022;Garches;Commune;92033;92;on va faire un tour en forêt pas loin de garches pour oublier que tous les jours on va au;https://genius.com/Jwles-marches-lyrics;2,1861;48,8469
92-171;Montparnasse;baroque pop, art pop, jangle pop, shibuya-kei;Louis Philippe;;Garches;Commune;92033;92;l'on marche et vous révez d'aller passer votre dimanche à garches il fait un peu lourd et vos cheveux sont;https://genius.com/Louis-philippe-montparnasse-lyrics;2,1861;48,8469
92-172;La flemme;;1995 (band);2011;Gennevilliers;Commune;92036;92;que j'peux plier c'est ainsi pour le jeune phili de gennevilliers j'ai la flemme, la flemme, la flemme, viens on;https://genius.com/1995-band-la-flemme-lyrics;2,288;48,9319
92-173;Moto;french rap, french r&b;Mac Tyer;2020;Gennevilliers;Commune;92036;92;l'integra on filoche rsq5 décharge un conteneur sur l'port de gennevilliers de l'africaine vend de la péruvienne c'est la plus;https://genius.com/Mac-tyer-moto-lyrics;2,288;48,9319
92-174;san andreas;french rap;Lesram;2020;Issy-les-Moulineaux;Commune;92040;92;la piscine molitor la monnaie dort pas du neuf à issy-les-moulineaux, eh le truc est sérieux, ça y est, l'intro;https://genius.com/Lesram-san-andreas-lyrics;2,2628;48,824
92-175;Freestyle Radio 5;french rap, french r&b, pop urbaine;Booba;;Issy-les-Moulineaux;Commune;92040;92;m.o.r.t.e boulogne, issy-les-moulineaux‚ pont-de-sèvres‚ 92 yahia kho avec mon pote booba;https://genius.com/Booba-freestyle-radio-5-lyrics;2,2628;48,824
92-176;La League;french rap;Werenoi;2021;Levallois-Perret;Commune;92044;92;toujours accompagné d'son beretta, il vient du 9-3, pas de levallois-perret il joue d'la guitare, pas d’opéra, il attend pas;https://genius.com/Werenoi-la-league-lyrics;2,2874;48,8946
92-177;Harry Potter;;L’Araignée 784;2025;Levallois-Perret;Commune;92044;92;ca visser les geushs qui s'la prennent en levrette sur levallois-perret j'ai enchainé les livrettes jusqu'à opéra c'est comme une;https://genius.com/Laraignee-784-harry-potter-lyrics;2,2874;48,8946
92-178;Il pleut sur la gare;;Jarvis Cocker;2021;Levallois-Perret;Commune;92044;92;(hanté par l'asie et par cicéron) toutes années passées (à levallois-perret) parmi les vivants (à clermont-ferrand) n'ont pas entamé mon;https://genius.com/Jarvis-cocker-il-pleut-sur-la-gare-lyrics;2,2874;48,8946
92-179;Rendez-vous à Paris;chanson, french jazz;Maurice Chevalier;1954;Marnes-la-Coquette;Commune;92047;92;je vous dis : rendez-vous à paris tout près, à marnes-la-coquette dans un jardin touchant paris habite un français qui;https://genius.com/Maurice-chevalier-rendez-vous-a-paris-lyrics;2,1689;48,8286
92-180;Aubameyang;french rap, french r&b;La Fouine;2017;Meudon;Commune;92048;92;sur le sol glacé, quand tu faisais du cheval à meudon-la-forêt, renoi prends pas la fuite quand y'a échauffourée, tu;https://genius.com/La-fouine-aubameyang-lyrics;2,2288;48,8028
92-182;La java de Broadway;variété française, chanson, french pop;Michel Sardou;1977;Meudon;Commune;92048;92;dancing the java saturday on broadway it swings like in meudon we’re tired and we fly no need for beaujolais;https://genius.com/Michel-sardou-la-java-de-broadway-lyrics;2,2288;48,8028
92-183;Diane de Montrouge;variété française, chanson, french pop, french house;Nino Ferrer;;Montrouge;Commune;92049;92;Diane de Montrouge, sur sa mobylette orange;https://genius.com/Nino-ferrer-diane-de-montrouge-lyrics;2,3163;48,8159
92-184;De Bruxelles à Nanterre;french rap;34A;2019;Nanterre;Commune;92050;92;34A, Soo du boulevard, on contrôle d’Nanterre à BXL;https://genius.com/34a-de-bruxelles-a-nanterre-lyrics;2,2018;48,8974
92-185;Nanterre;french rap, pop urbaine;BRESOM GANG;2017;Nanterre;Commune;92050;92;Eh ! c'est Nanterre ! Qui est prêt pour la guerre ?;https://genius.com/Bresom-gang-nanterre-lyrics;2,2018;48,8974
92-186;De Barfleur à Nanterre;french rap;M le Maudit;2012;Nanterre;Commune;92050;92;Les faux mcs: 24 au compteur de Barfleur à Nanterre;https://genius.com/M-le-maudit-de-barfleur-a-nanterre-lyrics;2,2018;48,8974
92-187;Auteuil, Neuilly, Passy;chanson;Les inconnus;1991;Neuilly-sur-Seine;Commune;92051;92;"Hé mec, je me présente : je m'appelle Charles-Henri Du Pré
J'habite à Neuilly dans un quartier mais alors, paumé !";https://genius.com/Les-inconnus-auteuil-neuilly-passy-lyrics;2,2651;48,8862
92-188;Neuilly Sur Seine;rap ivoire, french rap, hyperpop;Lil Euphon;2022;Neuilly-sur-Seine;Commune;92051;92;designer sur moi j'suis en all black ils viennent de neuilly-sur-seine dans leur texte ils se prennent pour kodak elle;https://genius.com/Lil-euphon-neuilly-sur-seine-lyrics;2,2651;48,8862
92-189;Délit;french rap;Nono La Grinta;2023;Neuilly-sur-Seine;Commune;92051;92;pas la sorcellerie (ah non), j'ai encore une adresse à neuilly-sur-seine (ah nan) j'crois qu'j'vais m'arrêter là, l'instru', j'l'ai fait;https://genius.com/Nono-la-grinta-delit-lyrics;2,2651;48,8862
92-190;Palpite sous l’œil;french rap;B.B. Jacques;2021;Puteaux;Commune;92062;92;du manque de panache j’finis mon texte sur l'pont de puteaux fuck off aujourd’hui, il n’y a pas de plus;https://genius.com/Bb-jacques-palpite-sous-lil-lyrics;2,2384;48,8824
92-191;Chanson des commères;celtic, celtic rock, chanson, variété française;Tri Yann;1974;Rueil-Malmaison;Commune;92063;92;honneur et je vous dis ils ont du cœur a rueil-malmaison, il y a des bretons et pendant ce temps-là;https://genius.com/Tri-yann-chanson-des-commeres-lyrics;2,1806;48,8717
92-192;Mula;french rap, french r&b;GLGV;2015;Rueil-Malmaison;Commune;92063;92;glgv vas-y monte le son ça débarque tout droit de rueil-malmaison on fout le bordel puis tu payes la cotion;https://genius.com/Glgv-mula-lyrics;2,1806;48,8717
92-193;Le mystérieux CHOCOFLAN;soca;Grandpamini;2016;Rueil-Malmaison;Commune;92063;92;cho coflan cho cho cho coflan comme un graffiti à rueil-malmaison tague ton moule avec un spray à cuisson fait;https://genius.com/Grandpamini-le-mysterieux-chocoflan-lyrics;2,1806;48,8717
92-194;La Celle Saint Cloud;french rap;Georgio;2015;Saint-Cloud;Commune;92064;92;écrit pour sa grand-mère maternelle qui vit à la celle saint-cloud , ville des yvelines, située à l'ouest de paris.;https://genius.com/Georgio-la-celle-saint-cloud-lyrics;2,2032;48,844
92-195;saintcloud;variété française, chanson, french pop, french house;GAL (FRA);2024;Saint-Cloud;Commune;92064;92;ouais le seum est parti d'un coup, quand j'ai quitté saint-cloud le seum est parti d'un coup, quand j'ai quitté;https://genius.com/Gal-fra-saintcloud-lyrics;2,2032;48,844
92-196;Une vie;french rap, french r&b, pop urbaine;Booba;2013;Sèvres;Commune;92072;92;la fenêtre mon background est malhonnête, hauts-de-seine ou ja connèt' pont-de-sèvres, les baconnets, i-z-i sur la comète mon reufré sur;https://genius.com/Booba-une-vie-lyrics;2,2056;48,8223
92-197;SUR LA ROUTE DE SURESNES - PT. 1;;MC DONASSIETTE;2020;Suresnes;Commune;92073;92;Cette fille je l'ai rencontrée, sur la route de Suresnes !;https://genius.com/Mc-donassiette-sur-la-route-de-suresnes-pt-1-lyrics;2,2183;48,871
92-198;La Porte de Vanves;variété française, chanson, french pop, french house;Michel Jonasz;;Vanves;Commune;92075;92;C'ui qu'a changé la Porte de Vanves sans nous prév'nir;https://genius.com/Michel-jonasz-la-porte-de-vanves-lyrics;2,2869;48,8214
92-199;American Express;uk drill, drill;Risky;2018;Vaucresson;Commune;92076;92;remballe ton hlm à la montagne des glaises maison à vaucresson j'paye avec mon amex rien à foutre de tes;https://genius.com/Risky-american-express-lyrics;2,1628;48,8377
92-200;André;french rap;Guizmo;2014;Villeneuve-la-Garenne;Commune;92078;92;la gueule de l'emploi pour ça qu'on est aux assedics villeneuve-la-garenne, putain j'y ai laissé des frères j'en ai des;https://genius.com/Guizmo-andre-lyrics;2,3231;48,9354
94-003;Erik Satie;;Philippe Chatel;1979;Arcueil;Commune;94110;94;"« Il s’appelait Erik Satie
Je l’aurais voulu pour ami
Et m’appeler Ravel
Pour être près de lui
On aurait fait des symphonies
Qui ressembleraient à des fruits
Dans la maison d’Arcueil
J’aurais passé ma vie
A écouter Satie »";https://www.paroles.net/philippe-chatel/paroles-erik-satie;2.3338973095888083;48.80439122663173
94-004;Africain à Paris;;Tiken Jah Fakoly;2004;Cachan;Commune;94016;94;"« Maman, je pense à toi, je t’écris
D’un trois étoiles à Cachan
Tu vois, faut pas que tu trembles ici
J’ai un toit et un peu d’argent »";https://www.paroles.cc/chanson,africain-a-paris,32135;2.3340758;48.7945413
94-005;Sur le pont de Charenton;Chançon française;Henri Salvador;2007;Charenton;Commune;94220;94;"« Sur le pont d’ Charenton
On y danse on y danse
Sur le pont d’ Charenton
On y danse tous en rond »


";;2.419744;48.817124
94-006;Au bar est barré papa;Musiques du monde / chanson;Bratsch;2007;Champigny-sur-Marne;Commune;94017;94;"« Au bar est barré papa 
 On boira plus de rhum 
 On jouera plus de java 
 Avec les copains du bas »";https://genius.com/Bratsch-au-bar-est-barre-papa-lyrics;2,515893;48,81722
94-007;Quartier nord;Rap / hip-hop;MC Solaar;1994;Villeneuve-Saint-Georges;Commune;94078;94;"« Quartier Nord, c’est la banlieue sud 
 Où les mômes jouent à la guerre 
 Où la rime sent la sueur 
 Et le béton la misère »";https://genius.com/Mc-solaar-quartier-nord-lyrics;2,449234;48,73244
94-008;Y’a cinquante gosses dans l’escalier;Chanson réaliste;Pierre Perret;1981;Créteil;Commune;94028;94;"« Y’a cinquante gosses dans l’escalier 
 Y’a cinquante mères pour les calmer 
 Y’a des rires et des cris mêlés 
 Dans la tour de Créteil »";https://www.paroles.net/pierre-perret/paroles-y-a-cinquante-gosses-dans-l-escalier;2,465768;48,78079
94-009;Porte-parole;Rap / hip-hop;Pejmaxx;2008;Créteil;Commune;94028;94;"« J’suis pas un prophète, juste un porte-parole 
 De ma ville et de ses mômes 
 Créteil m’a forgé l’âme 
 Entre le bitume et l’école »";https://genius.com/Pejmaxx-porte-parole-lyrics;2,465768;48,78079
94-010;Le grand Grégory;Chanson swing / jazz manouche;Sanseverino;2009;Gentilly;Commune;94037;94;"« Le grand Grégory faisait l’malin 
 Avec sa guitare et son air malin 
 À Gentilly, sous la pluie fine 
 Il chantait jusqu’au matin »";https://www.paroles.net/sanseverino/paroles-le-grand-gregory;2,342458;48,81093
94-011;Le blues de la banlieue sud;Blues / chanson;Paul Braffort;1958;L’Haÿ-les-Roses;Commune;94038;94;"« J’ai le blues de la banlieue sud 
 Où les roses perdent leur nom 
 Et les pavillons s’inclinent 
 Sous le vent des avions »";https://data.bnf.fr/fr/14793345/paul_braffort/;2,337011;48,78003
94-012;Le p’tit Ivry;Chanson poétique;Allain Leprest;1992;Ivry-sur-Seine;Commune;94041;94;"« J’suis né dans un p’tit Ivry 
 Entre la Seine et la pluie 
 Les pavés m’ont appris la vie 
 Et la vie m’a pris mes envies »";https://www.paroles.net/allain-leprest/paroles-le-ptit-ivry;2,387338;48,81205
94-013;Les loups sont entrés dans Paris;Chanson à texte;Serge Reggiani;1967;Ivry-sur-Seine;Commune;94041;94;"« Les loups sont entrés dans Paris 
 Pendant que les Parisiens dormaient 
 Et les enfants ont eu si peur 
 Qu’ils se sont mis à prier »";https://www.paroles.net/serge-reggiani/paroles-les-loups-sont-entres-dans-paris;2,387338;48,81205
94-014;Un clair de lune à Maubeuge;Variété / humour;Bourvil;1962;Le Kremlin-Bicêtre;Commune;94043;94;"« Un clair de lune à Maubeuge 
 Ça faisait rêver les filles 
 Un clair de lune à Maubeuge 
 C’est le plus beau des refrains »";https://www.paroles.net/bourvil/paroles-un-clair-de-lune-a-maubeuge;2,361693;48,81376
94-015;Bouge de là;Rap / hip-hop;MC Solaar;1990;Maisons-Alfort;Commune;94046;94;"« Bouge de là, bouge de là 
 T’étais parti pour me plumer 
 Mais j’me suis pas laissé faire 
 Alors bouge de là »";https://genius.com/Mc-solaar-bouge-de-la-lyrics;2,439854;48,80248
94-016;Le petit vin blanc;Chanson populaire;Jean Dréjac (auteur);1943;Nogent-sur-Marne;Commune;94052;94;"« Le petit vin blanc 
 Quand il est tiré faut le boire 
 Il fait tourner les têtes 
 Et puis oublier les histoires »";https://www.paroles.net/charles-trenet/paroles-le-petit-vin-blanc;2,482594;48,8332
94-017;Orly City Bronx;Rap;Idéal J;1995;Orly;Commune;94054;94;"« Orly City Bronx, c’est notre terrain 
 Là où les frères ont grandi 
 Sous les tours et les avions 
 Entre galère et survie »";https://genius.com/Ideal-j-orly-city-bronx-lyrics;2,392533;48,74704
94-018;Villejuif;Chanson à texte;Serge Reggiani;1973;Villejuif;Commune;94076;94;"« Villejuif, les pavillons gris 
 Les lilas et les lotissements 
 Où s’en vont les dimanches 
 Et les gens lentement »";https://www.paroles.net/serge-reggiani/paroles-villejuif;2,362485;48,79316
94-019;Pavillon 36;Punk / rock;Bérurier Noir;1986;Villejuif;Commune;94076;94;"« Pavillon 36, hôpital psychiatrique 
 On enferme les fous, les poètes, les mômes 
 Villejuif devient un asile 
 Sous les néons qui résonnent »";https://www.paroles.net/berurier-noir/paroles-pavillon-36;2,362485;48,79316
94-020;Le zoo de Vincennes;Chanson pop;Bénabar;2003;Vincennes;Commune;94080;94;"« On ira au zoo de Vincennes 
 Voir les girafes et les hyènes 
 Tu tiendras ma main, moi la tienne 
 Sous la pluie parisienne »";https://www.paroles.net/benabar/paroles-le-zoo-de-vincennes;2,4375;48,8447
94-021;Dans les fossés de Vincennes;Chanson ancienne;Georgel;1918;Vincennes;Commune;94080;94;"« Dans les fossés de Vincennes 
 On chantait pour oublier 
 Les canons et les peines 
 Et les soldats fatigués »";https://data.bnf.fr/fr/14774233/georgel/;2,4375;48,8447
94-022;Saint-Mandé;Chanson humoristique;Robert Lamoureux;2000;Saint-Mandé;Commune;94067;94;"« Ah Saint-Mandé, joli quartier 
 Entre Paris et le bois 
 On y cause, on y chante 
 Et l’on s’y plaît, ma foi »";https://www.paroles.net/robert-lamoureux/paroles-saint-mande;2,41866;48,8425
94-023;Charenton;Chanson contemporaine;Nicolas Jules;2013;Charenton-le-Pont;Commune;94018;94;"« Charenton, dans la lumière 
 On se croise sans se parler 
 Les ponts enjambent la rivière 
 Et les rêves s’en vont filer »";https://genius.com/Nicolas-jules-charenton-lyrics;2,419744;48,81712
94-024;Les princes de la ville;Rap;113;1999;Vitry-sur-Seine;Commune;94081;94;"« Les princes de la ville, Vitry-sur-Seine capitale 
 94 dans le sang, mentalité locale 
 On vient d’où les tours s’élèvent 
 Et les rêves s’effacent mal »";https://genius.com/113-les-princes-de-la-ville-lyrics;2,3925;48,7872
94-025;La famille Dupanard;Chanson à texte;Juliette Gréco;1957;Vitry-sur-Seine;Commune;94081;94;"« La famille Dupanard 
 Vit à Vitry-sur-Seine 
 Ils ont la télé en noir et blanc 
 Et les dimanches sans rengaine »";https://www.paroles.net/juliette-greco/paroles-la-famille-dupanard;2,3925;48,7872
94-026;La grève;Chanson engagée;Francesca Solleville;1977;Choisy-le-Roi;Commune;94022;94;"« C’est la grève à Choisy-le-Roi 
 Les mains levées, les voix s’élèvent 
 Sous les drapeaux rouges et froids 
 On réclame un peu de rêve »";https://www.paroles.net/francesca-solleville/paroles-la-greve;2,410987;48,76423
94-027;La Seine;Chanson / variété;Jacqueline François;1948;Choisy-le-Roi;Commune;94022;94;"« La Seine a rencontré la Marne 
 Et toutes deux ont fredonné 
 Une chanson pour ceux qui s’aiment 
 Et qui se sont trouvés »";https://www.paroles.net/jacqueline-francois/paroles-la-seine;2,410987;48,76423
94-028;94;Rap;Rohff;2007;Chevilly-Larue;Commune;94021;94;"« 94 département dangereux 
 Chevilly, Vitry, Thiais, c’est sérieux 
 J’rappe pour mon bloc et mes frères 
 Pour ceux qu’la rue rend nerveux »";https://genius.com/Rohff-94-lyrics;2,351003;48,76546
94-029;Dimanche à Orly;Chanson / variété;Gilbert Bécaud;1963;Orly;Commune;94054;94;"« Dimanche à Orly 
 On regarde les avions partir 
 Et les visages s’emplir 
 De rêves et de nostalgie »";https://www.paroles.net/gilbert-becaud/paroles-dimanche-a-orly;2,392533;48,74704
94-030;Les liens d’sang;Rap / hip-hop;Karemera;2004;Fontenay-sous-Bois;Commune;94033;94;"« Les liens d’sang, les liens du ghetto 
 Fontenay c’est ma zone 
 Ici la rime coule dans la peau 
 Et la vérité résonne »";https://genius.com/Karemera-les-liens-d-sang-lyrics;2,475676;48,85224
94-031;Vive les grands Bretons;Chanson humoristique;Carlos;1976;Sucy-en-Brie;Commune;94071;94;"« Vive les grands Bretons 
 Avec leurs parapluies et leurs chapeaux ronds 
 Ils boivent du thé à cinq heures 
 Et rient sous la pluie d’l’honneur »";https://www.paroles.net/carlos/paroles-vive-les-grands-bretons;2,522662;48,76832
94-032;C’est mon dernier bal;Chanson rock / variété;Renaud;1979;Créteil;Commune;94028;94;"« C’est mon dernier bal 
 Sous ce vieux chapiteau bancal 
 J’vais plus danser la java 
 Adieu Créteil et ses pavés »";https://www.paroles.net/renaud/paroles-c-est-mon-dernier-bal;2,465768;48,78079
94-033;String volant;Funk / rap;Aelpéacha;2012;Joinville-le-Pont;Commune;94042;94;"« String volant dans la caisse 
 Joinville en fond de scène 
 On fait du son à la cool 
 94, toujours la même veine »";https://genius.com/Aelpeacha-string-volant-lyrics;2,474005;48,81933
94-034;Déchirer ma mémoire;Chanson / folk;La Rue Kétanou;2002;Vitry-sur-Seine;Commune;94081;94;"« Déchirer ma mémoire 
 Pour ne garder que l’espoir 
 Vitry au fond du miroir 
 Où chantent nos histoires »";https://genius.com/La-rue-ketanou-dechirer-ma-memoire-lyrics;2,3925;48,7872
;;;;;;;;;;;;
;;;;;;;;;;;;
;;;;;;;;;;;;
;;;;;;;;;;;;
;;;;;;;;;;;;
;;;;;;;;;;;;
;;;;;;;;;;;;
;;;;;;;;;;;;
;;;;;;;;;;;;
;;;;;;;;;;;;
;;;;;;;;;;;;
;;;;;;;;;;;;
;;;;;;;;;;;;
;;;;;;;;;;;;
;;;;;;;;;;;;
;;;;;;;;;;;;
;;;;;;;;;;;;
;;;;;;;;;;;;
;;;;;;;;;;;;
;;;;;;;;;;;;
;;;;;;;;;;;;
;;;;;;;;;;;;
;;;;;;;;;;;;
;;;;;;;;;;;;
;;;;;;;;;;;;
;;;;;;;;;;;;
;;;;;;;;;;;;
;;;;;;;;;;;;
;;;;;;;;;;;;
;;;;;;;;;;;;
;;;;;;;;;;;;
;;;;;;;;;;;;
;;;;;;;;;;;;
;;;;;;;;;;;;
;;;;;;;;;;;;
;;;;;;;;;;;;
;;;;;;;;;;;;
;;;;;;;;;;;;
;;;;;;;;;;;;
;;;;;;;;;;;;
;;;;;;;;;;;;
;;;;;;;;;;;;
;;;;;;;;;;;;
;;;;;;;;;;;;
;;;;;;;;;;;;
;;;;;;;;;;;;
;;;;;;;;;;;;
;;;;;;;;;;;;
;;;;;;;;;;;;
;;;;;;;;;;;;
;;;;;;;;;;;;
;;;;;;;;;;;;
;;;;;;;;;;;;
;;;;;;;;;;;;
;;;;;;;;;;;;
;;;;;;;;;;;;
;;;;;;;;;;;;
;;;;;;;;;;;;
;;;;;;;;;;;;
;;;;;;;;;;;;
;;;;;;;;;;;;
;;;;;;;;;;;;
;;;;;;;;;;;;
;;;;;;;;;;;;
;;;;;;;;;;;;
;;;;;;;;;;;;
;;;;;;;;;;;;
;;;;;;;;;;;;
;;;;;;;;;;;;
;;;;;;;;;;;;
;;;;;;;;;;;;
;;;;;;;;;;;;
;;;;;;;;;;;;
;;;;;;;;;;;;
;;;;;;;;;;;;
;;;;;;;;;;;;
;;;;;;;;;;;;
;;;;;;;;;;;;
;;;;;;;;;;;;
;;;;;;;;;;;;
;;;;;;;;;;;;
;;;;;;;;;;;;
;;;;;;;;;;;;
;;;;;;;;;;;;
;;;;;;;;;;;;
;;;;;;;;;;;;
;;;;;;;;;;;;
;;;;;;;;;;;;
;;;;;;;;;;;;
;;;;;;;;;;;;
;;;;;;;;;;;;
;;;;;;;;;;;;
;;;;;;;;;;;;
;;;;;;;;;;;;
;;;;;;;;;;;;
;;;;;;;;;;;;
;;;;;;;;;;;;
;;;;;;;;;;;;
;;;;;;;;;;;;
;;;;;;;;;;;;
;;;;;;;;;;;;
;;;;;;;;;;;;
;;;;;;;;;;;;
;;;;;;;;;;;;
;;;;;;;;;;;;
;;;;;;;;;;;;
;;;;;;;;;;;;
;;;;;;;;;;;;
;;;;;;;;;;;;
;;;;;;;;;;;;
;;;;;;;;;;;;
;;;;;;;;;;;;
;;;;;;;;;;;;
;;;;;;;;;;;;
;;;;;;;;;;;;
;;;;;;;;;;;;
;;;;;;;;;;;;
;;;;;;;;;;;;
;;;;;;;;;;;;
;;;;;;;;;;;;
;;;;;;;;;;;;
;;;;;;;;;;;;
;;;;;;;;;;;;
;;;;;;;;;;;;
;;;;;;;;;;;;
;;;;;;;;;;;;
;;;;;;;;;;;;
;;;;;;;;;;;;
;;;;;;;;;;;;
;;;;;;;;;;;;
;;;;;;;;;;;;
;;;;;;;;;;;;
;;;;;;;;;;;;
;;;;;;;;;;;;
;;;;;;;;;;;;
;;;;;;;;;;;;
;;;;;;;;;;;;
;;;;;;;;;;;;
;;;;;;;;;;;;
;;;;;;;;;;;;
;;;;;;;;;;;;
;;;;;;;;;;;;
;;;;;;;;;;;;
;;;;;;;;;;;;
;;;;;;;;;;;;
;;;;;;;;;;;;
;;;;;;;;;;;;
;;;;;;;;;;;;
;;;;;;;;;;;;
;;;;;;;;;;;;
;;;;;;;;;;;;
;;;;;;;;;;;;
;;;;;;;;;;;;
;;;;;;;;;;;;
;;;;;;;;;;;;
;;;;;;;;;;;;
;;;;;;;;;;;;
;;;;;;;;;;;;
;;;;;;;;;;;;
;;;;;;;;;;;;
;;;;;;;;;;;;
;;;;;;;;;;;;
;;;;;;;;;;;;
;;;;;;;;;;;;
;;;;;;;;;;;;
;;;;;;;;;;;;
;;;;;;;;;;;;
;;;;;;;;;;;;
;;;;;;;;;;;;
;;;;;;;;;;;;
;;;;;;;;;;;;
;;;;;;;;;;;;
;;;;;;;;;;;;
;;;;;;;;;;;;
;;;;;;;;;;;;
;;;;;;;;;;;;
;;;;;;;;;;;;
;;;;;;;;;;;;
;;;;;;;;;;;;
;;;;;;;;;;;;
;;;;;;;;;;;;
;;;;;;;;;;;;
;;;;;;;;;;;;
;;;;;;;;;;;;
;;;;;;;;;;;;
;;;;;;;;;;;;
;;;;;;;;;;;;
;;;;;;;;;;;;
;;;;;;;;;;;;
;;;;;;;;;;;;
;;;;;;;;;;;;
;;;;;;;;;;;;
;;;;;;;;;;;;
;;;;;;;;;;;;
;;;;;;;;;;;;
;;;;;;;;;;;;
;;;;;;;;;;;;
;;;;;;;;;;;;
;;;;;;;;;;;;
;;;;;;;;;;;;
;;;;;;;;;;;;
;;;;;;;;;;;;
;;;;;;;;;;;;
;;;;;;;;;;;;
;;;;;;;;;;;;
;;;;;;;;;;;;
;;;;;;;;;;;;
;;;;;;;;;;;;
;;;;;;;;;;;;
;;;;;;;;;;;;
;;;;;;;;;;;;
;;;;;;;;;;;;
;;;;;;;;;;;;
;;;;;;;;;;;;
;;;;;;;;;;;;
;;;;;;;;;;;;
;;;;;;;;;;;;
;;;;;;;;;;;;
;;;;;;;;;;;;
;;;;;;;;;;;;
;;;;;;;;;;;;
;;;;;;;;;;;;
;;;;;;;;;;;;
;;;;;;;;;;;;
;;;;;;;;;;;;
;;;;;;;;;;;;
;;;;;;;;;;;;
;;;;;;;;;;;;
;;;;;;;;;;;;
;;;;;;;;;;;;
;;;;;;;;;;;;
;;;;;;;;;;;;
;;;;;;;;;;;;
;;;;;;;;;;;;
;;;;;;;;;;;;
;;;;;;;;;;;;
;;;;;;;;;;;;
;;;;;;;;;;;;
;;;;;;;;;;;;
;;;;;;;;;;;;
;;;;;;;;;;;;
;;;;;;;;;;;;
;;;;;;;;;;;;
;;;;;;;;;;;;
;;;;;;;;;;;;
;;;;;;;;;;;;
;;;;;;;;;;;;
;;;;;;;;;;;;
;;;;;;;;;;;;
;;;;;;;;;;;;
;;;;;;;;;;;;
;;;;;;;;;;;;
;;;;;;;;;;;;
;;;;;;;;;;;;
;;;;;;;;;;;;
;;;;;;;;;;;;
;;;;;;;;;;;;
;;;;;;;;;;;;
;;;;;;;;;;;;
;;;;;;;;;;;;
;;;;;;;;;;;;
;;;;;;;;;;;;
;;;;;;;;;;;;
;;;;;;;;;;;;
;;;;;;;;;;;;
;;;;;;;;;;;;
;;;;;;;;;;;;
;;;;;;;;;;;;
;;;;;;;;;;;;
;;;;;;;;;;;;
;;;;;;;;;;;;
;;;;;;;;;;;;
;;;;;;;;;;;;
;;;;;;;;;;;;
;;;;;;;;;;;;
;;;;;;;;;;;;
;;;;;;;;;;;;
;;;;;;;;;;;;
;;;;;;;;;;;;
;;;;;;;;;;;;
;;;;;;;;;;;;
;;;;;;;;;;;;
;;;;;;;;;;;;
;;;;;;;;;;;;
;;;;;;;;;;;;
;;;;;;;;;;;;
;;;;;;;;;;;;
;;;;;;;;;;;;
;;;;;;;;;;;;
;;;;;;;;;;;;
;;;;;;;;;;;;
;;;;;;;;;;;;
;;;;;;;;;;;;
;;;;;;;;;;;;
;;;;;;;;;;;;
;;;;;;;;;;;;
;;;;;;;;;;;;
;;;;;;;;;;;;
;;;;;;;;;;;;
;;;;;;;;;;;;
;;;;;;;;;;;;
;;;;;;;;;;;;
;;;;;;;;;;;;
;;;;;;;;;;;;
;;;;;;;;;;;;
;;;;;;;;;;;;
;;;;;;;;;;;;
;;;;;;;;;;;;
;;;;;;;;;;;;
;;;;;;;;;;;;
;;;;;;;;;;;;
;;;;;;;;;;;;
;;;;;;;;;;;;
;;;;;;;;;;;;
;;;;;;;;;;;;
;;;;;;;;;;;;
;;;;;;;;;;;;
;;;;;;;;;;;;
;;;;;;;;;;;;
;;;;;;;;;;;;
;;;;;;;;;;;;
;;;;;;;;;;;;
;;;;;;;;;;;;
;;;;;;;;;;;;
;;;;;;;;;;;;
;;;;;;;;;;;;
;;;;;;;;;;;;
;;;;;;;;;;;;
;;;;;;;;;;;;
;;;;;;;;;;;;
;;;;;;;;;;;;
;;;;;;;;;;;;
;;;;;;;;;;;;
;;;;;;;;;;;;
;;;;;;;;;;;;
;;;;;;;;;;;;
;;;;;;;;;;;;
;;;;;;;;;;;;
;;;;;;;;;;;;
;;;;;;;;;;;;
;;;;;;;;;;;;
;;;;;;;;;;;;
;;;;;;;;;;;;
;;;;;;;;;;;;
;;;;;;;;;;;;
;;;;;;;;;;;;
;;;;;;;;;;;;
;;;;;;;;;;;;
;;;;;;;;;;;;
;;;;;;;;;;;;
;;;;;;;;;;;;
;;;;;;;;;;;;
;;;;;;;;;;;;
;;;;;;;;;;;;
;;;;;;;;;;;;
;;;;;;;;;;;;
;;;;;;;;;;;;
;;;;;;;;;;;;
;;;;;;;;;;;;
;;;;;;;;;;;;
;;;;;;;;;;;;
;;;;;;;;;;;;
;;;;;;;;;;;;
;;;;;;;;;;;;
;;;;;;;;;;;;
;;;;;;;;;;;;
;;;;;;;;;;;;
;;;;;;;;;;;;
;;;;;;;;;;;;
;;;;;;;;;;;;
;;;;;;;;;;;;
;;;;;;;;;;;;
;;;;;;;;;;;;
;;;;;;;;;;;;
;;;;;;;;;;;;
;;;;;;;;;;;;
;;;;;;;;;;;;
;;;;;;;;;;;;
;;;;;;;;;;;;
;;;;;;;;;;;;
;;;;;;;;;;;;
;;;;;;;;;;;;
;;;;;;;;;;;;
;;;;;;;;;;;;
;;;;;;;;;;;;
;;;;;;;;;;;;
;;;;;;;;;;;;
;;;;;;;;;;;;
;;;;;;;;;;;;
;;;;;;;;;;;;
;;;;;;;;;;;;
;;;;;;;;;;;;
;;;;;;;;;;;;
;;;;;;;;;;;;
;;;;;;;;;;;;
;;;;;;;;;;;;
;;;;;;;;;;;;
;;;;;;;;;;;;
;;;;;;;;;;;;
;;;;;;;;;;;;
;;;;;;;;;;;;
;;;;;;;;;;;;
;;;;;;;;;;;;
;;;;;;;;;;;;
;;;;;;;;;;;;
;;;;;;;;;;;;
;;;;;;;;;;;;
;;;;;;;;;;;;
;;;;;;;;;;;;
;;;;;;;;;;;;
;;;;;;;;;;;;
;;;;;;;;;;;;
;;;;;;;;;;;;
;;;;;;;;;;;;
;;;;;;;;;;;;
;;;;;;;;;;;;
;;;;;;;;;;;;
;;;;;;;;;;;;
;;;;;;;;;;;;
;;;;;;;;;;;;
;;;;;;;;;;;;
;;;;;;;;;;;;
;;;;;;;;;;;;
;;;;;;;;;;;;
;;;;;;;;;;;;
;;;;;;;;;;;;
;;;;;;;;;;;;
;;;;;;;;;;;;
;;;;;;;;;;;;
;;;;;;;;;;;;
;;;;;;;;;;;;
;;;;;;;;;;;;
;;;;;;;;;;;;
;;;;;;;;;;;;
;;;;;;;;;;;;
;;;;;;;;;;;;
;;;;;;;;;;;;
;;;;;;;;;;;;
;;;;;;;;;;;;
;;;;;;;;;;;;
;;;;;;;;;;;;
;;;;;;;;;;;;
;;;;;;;;;;;;
;;;;;;;;;;;;
;;;;;;;;;;;;
;;;;;;;;;;;;
;;;;;;;;;;;;
;;;;;;;;;;;;
;;;;;;;;;;;;
;;;;;;;;;;;;
;;;;;;;;;;;;
;;;;;;;;;;;;
;;;;;;;;;;;;
;;;;;;;;;;;;
;;;;;;;;;;;;
;;;;;;;;;;;;
;;;;;;;;;;;;
;;;;;;;;;;;;
;;;;;;;;;;;;
;;;;;;;;;;;;
;;;;;;;;;;;;
;;;;;;;;;;;;
;;;;;;;;;;;;
;;;;;;;;;;;;
;;;;;;;;;;;;
;;;;;;;;;;;;
;;;;;;;;;;;;
;;;;;;;;;;;;
;;;;;;;;;;;;
;;;;;;;;;;;;
;;;;;;;;;;;;
;;;;;;;;;;;;
;;;;;;;;;;;;
;;;;;;;;;;;;
;;;;;;;;;;;;
;;;;;;;;;;;;
;;;;;;;;;;;;
;;;;;;;;;;;;
;;;;;;;;;;;;
;;;;;;;;;;;;
;;;;;;;;;;;;
;;;;;;;;;;;;
;;;;;;;;;;;;
;;;;;;;;;;;;
;;;;;;;;;;;;
;;;;;;;;;;;;
;;;;;;;;;;;;
;;;;;;;;;;;;
;;;;;;;;;;;;
;;;;;;;;;;;;
;;;;;;;;;;;;
;;;;;;;;;;;;
;;;;;;;;;;;;
;;;;;;;;;;;;
;;;;;;;;;;;;
;;;;;;;;;;;;
;;;;;;;;;;;;
;;;;;;;;;;;;
;;;;;;;;;;;;
;;;;;;;;;;;;
;;;;;;;;;;;;
;;;;;;;;;;;;
;;;;;;;;;;;;
;;;;;;;;;;;;
;;;;;;;;;;;;
;;;;;;;;;;;;
;;;;;;;;;;;;
;;;;;;;;;;;;
;;;;;;;;;;;;
;;;;;;;;;;;;
;;;;;;;;;;;;
;;;;;;;;;;;;
;;;;;;;;;;;;
;;;;;;;;;;;;
;;;;;;;;;;;;
;;;;;;;;;;;;
;;;;;;;;;;;;
;;;;;;;;;;;;
;;;;;;;;;;;;
;;;;;;;;;;;;
;;;;;;;;;;;;
;;;;;;;;;;;;
;;;;;;;;;;;;
;;;;;;;;;;;;
;;;;;;;;;;;;
;;;;;;;;;;;;
;;;;;;;;;;;;
;;;;;;;;;;;;
;;;;;;;;;;;;
;;;;;;;;;;;;
;;;;;;;;;;;;
;;;;;;;;;;;;
;;;;;;;;;;;;
;;;;;;;;;;;;
;;;;;;;;;;;;
;;;;;;;;;;;;
;;;;;;;;;;;;
;;;;;;;;;;;;
;;;;;;;;;;;;
;;;;;;;;;;;;
;;;;;;;;;;;;
;;;;;;;;;;;;
;;;;;;;;;;;;
;;;;;;;;;;;;
;;;;;;;;;;;;
;;;;;;;;;;;;
;;;;;;;;;;;;
;;;;;;;;;;;;
;;;;;;;;;;;;
;;;;;;;;;;;;
;;;;;;;;;;;;
;;;;;;;;;;;;
;;;;;;;;;;;;
;;;;;;;;;;;;
;;;;;;;;;;;;
;;;;;;;;;;;;
;;;;;;;;;;;;
;;;;;;;;;;;;
;;;;;;;;;;;;
;;;;;;;;;;;;
;;;;;;;;;;;;
;;;;;;;;;;;;
;;;;;;;;;;;;
;;;;;;;;;;;;
;;;;;;;;;;;;
;;;;;;;;;;;;
;;;;;;;;;;;;
;;;;;;;;;;;;
;;;;;;;;;;;;
;;;;;;;;;;;;
;;;;;;;;;;;;
;;;;;;;;;;;;
;;;;;;;;;;;;
;;;;;;;;;;;;
;;;;;;;;;;;;
;;;;;;;;;;;;
;;;;;;;;;;;;
;;;;;;;;;;;;
;;;;;;;;;;;;
;;;;;;;;;;;;
;;;;;;;;;;;;
;;;;;;;;;;;;
;;;;;;;;;;;;
;;;;;;;;;;;;
;;;;;;;;;;;;
;;;;;;;;;;;;
;;;;;;;;;;;;
;;;;;;;;;;;;
;;;;;;;;;;;;
;;;;;;;;;;;;
;;;;;;;;;;;;
;;;;;;;;;;;;
;;;;;;;;;;;;
;;;;;;;;;;;;
;;;;;;;;;;;;
;;;;;;;;;;;;
;;;;;;;;;;;;
;;;;;;;;;;;;
;;;;;;;;;;;;
;;;;;;;;;;;;
;;;;;;;;;;;;
;;;;;;;;;;;;
;;;;;;;;;;;;
;;;;;;;;;;;;
;;;;;;;;;;;;
;;;;;;;;;;;;
;;;;;;;;;;;;
;;;;;;;;;;;;
;;;;;;;;;;;;
;;;;;;;;;;;;
;;;;;;;;;;;;
;;;;;;;;;;;;
;;;;;;;;;;;;
;;;;;;;;;;;;
;;;;;;;;;;;;
;;;;;;;;;;;;
;;;;;;;;;;;;
;;;;;;;;;;;;
;;;;;;;;;;;;
;;;;;;;;;;;;
;;;;;;;;;;;;
;;;;;;;;;;;;
;;;;;;;;;;;;
;;;;;;;;;;;;
;;;;;;;;;;;;
;;;;;;;;;;;;
;;;;;;;;;;;;
;;;;;;;;;;;;
;;;;;;;;;;;;
;;;;;;;;;;;;
;;;;;;;;;;;;
;;;;;;;;;;;;
;;;;;;;;;;;;
;;;;;;;;;;;;
;;;;;;;;;;;;
;;;;;;;;;;;;
;;;;;;;;;;;;
;;;;;;;;;;;;
;;;;;;;;;;;;
;;;;;;;;;;;;
;;;;;;;;;;;;
;;;;;;;;;;;;
;;;;;;;;;;;;
;;;;;;;;;;;;
;;;;;;;;;;;;
;;;;;;;;;;;;
;;;;;;;;;;;;
;;;;;;;;;;;;
;;;;;;;;;;;;
;;;;;;;;;;;;
;;;;;;;;;;;;
;;;;;;;;;;;;
;;;;;;;;;;;;
;;;;;;;;;;;;
;;;;;;;;;;;;
;;;;;;;;;;;;
;;;;;;;;;;;;
;;;;;;;;;;;;
;;;;;;;;;;;;
;;;;;;;;;;;;
;;;;;;;;;;;;
;;;;;;;;;;;;
;;;;;;;;;;;;
;;;;;;;;;;;;
;;;;;;;;;;;;
;;;;;;;;;;;;
;;;;;;;;;;;;
;;;;;;;;;;;;
;;;;;;;;;;;;
;;;;;;;;;;;;
;;;;;;;;;;;;
;;;;;;;;;;;;
;;;;;;;;;;;;
;;;;;;;;;;;;
;;;;;;;;;;;;
;;;;;;;;;;;;
;;;;;;;;;;;;
;;;;;;;;;;;;
;;;;;;;;;;;;
;;;;;;;;;;;;
;;;;;;;;;;;;
;;;;;;;;;;;;
;;;;;;;;;;;;
;;;;;;;;;;;;
;;;;;;;;;;;;
;;;;;;;;;;;;
;;;;;;;;;;;;
;;;;;;;;;;;;
;;;;;;;;;;;;
;;;;;;;;;;;;
;;;;;;;;;;;;
;;;;;;;;;;;;
;;;;;;;;;;;;
;;;;;;;;;;;;
;;;;;;;;;;;;
;;;;;;;;;;;;
;;;;;;;;;;;;
;;;;;;;;;;;;
;;;;;;;;;;;;
;;;;;;;;;;;;
;;;;;;;;;;;;
;;;;;;;;;;;;
;;;;;;;;;;;;
;;;;;;;;;;;;
;;;;;;;;;;;;
;;;;;;;;;;;;
;;;;;;;;;;;;
;;;;;;;;;;;;
;;;;;;;;;;;;
;;;;;;;;;;;;
;;;;;;;;;;;;
;;;;;;;;;;;;
;;;;;;;;;;;;
;;;;;;;;;;;;
;;;;;;;;;;;;
;;;;;;;;;;;;
;;;;;;;;;;;;
;;;;;;;;;;;;
;;;;;;;;;;;;
;;;;;;;;;;;;
;;;;;;;;;;;;
;;;;;;;;;;;;
;;;;;;;;;;;;
;;;;;;;;;;;;
;;;;;;;;;;;;
;;;;;;;;;;;;
;;;;;;;;;;;;
;;;;;;;;;;;;
;;;;;;;;;;;;
;;;;;;;;;;;;
;;;;;;;;;;;;
;;;;;;;;;;;;
;;;;;;;;;;;;
;;;;;;;;;;;;
;;;;;;;;;;;;
;;;;;;;;;;;;
;;;;;;;;;;;;
;;;;;;;;;;;;
;;;;;;;;;;;;
;;;;;;;;;;;;
;;;;;;;;;;;;
;;;;;;;;;;;;
;;;;;;;;;;;;
;;;;;;;;;;;;
;;;;;;;;;;;;
;;;;;;;;;;;;
;;;;;;;;;;;;
;;;;;;;;;;;;
;;;;;;;;;;;;
;;;;;;;;;;;;
;;;;;;;;;;;;
;;;;;;;;;;;;
;;;;;;;;;;;;
;;;;;;;;;;;;
;;;;;;;;;;;;
;;;;;;;;;;;;
;;;;;;;;;;;;
;;;;;;;;;;;;
;;;;;;;;;;;;
;;;;;;;;;;;;
;;;;;;;;;;;;
